"kanji","on","kun","meaning","vocab"
"曜","Tra cứu Mazii / Jisho","Tra cứu Mazii / Jisho","Chữ Hán: 曜","曜日, 火曜日, 月曜日, 日曜日"
"有","Tra cứu Mazii / Jisho","Tra cứu Mazii / Jisho","Chữ Hán: 有","有力, 有名, 有料, 所有"
"服","Tra cứu Mazii / Jisho","Tra cứu Mazii / Jisho","Chữ Hán: 服","洋服, 服, 制服, 和服"
"朝","Tra cứu Mazii / Jisho","Tra cứu Mazii / Jisho","Chữ Hán: 朝","早朝, 朝食, 毎朝, 今朝"
"業","Tra cứu Mazii / Jisho","Tra cứu Mazii / Jisho","Chữ Hán: 業","作業, 工業, 休業, 卒業"
"楽","Tra cứu Mazii / Jisho","Tra cứu Mazii / Jisho","Chữ Hán: 楽","音楽, 楽しみ, 楽しい, 楽"
"歌","Tra cứu Mazii / Jisho","Tra cứu Mazii / Jisho","Chữ Hán: 歌","歌, 歌手, 歌う, 国歌"
"止","Tra cứu Mazii / Jisho","Tra cứu Mazii / Jisho","Chữ Hán: 止","中止, 止まる, 通行止め, 止める"
"正","Tra cứu Mazii / Jisho","Tra cứu Mazii / Jisho","Chữ Hán: 正","正午, 不正, 正しい, 正直"
"歩","Tra cứu Mazii / Jisho","Tra cứu Mazii / Jisho","Chữ Hán: 歩","歩道, 進歩, 散歩, 歩く"
"死","Tra cứu Mazii / Jisho","Tra cứu Mazii / Jisho","Chữ Hán: 死","死者, 必死, 死, 死ぬ"
"注","Tra cứu Mazii / Jisho","Tra cứu Mazii / Jisho","Chữ Hán: 注","注目, 注意, 注文, 注ぐ"
"洋","Tra cứu Mazii / Jisho","Tra cứu Mazii / Jisho","Chữ Hán: 洋","西洋, 洋服, 洋食, 太平洋"
"海","Tra cứu Mazii / Jisho","Tra cứu Mazii / Jisho","Chữ Hán: 海","海外, 海, 北海道, 海岸"
"漢","Tra cứu Mazii / Jisho","Tra cứu Mazii / Jisho","Chữ Hán: 漢","漢字, 漢文, 漢語, 漢方"
"牛","Tra cứu Mazii / Jisho","Tra cứu Mazii / Jisho","Chữ Hán: 牛","牛肉, 子牛, 牛, 牛乳"
"物","Tra cứu Mazii / Jisho","Tra cứu Mazii / Jisho","Chữ Hán: 物","動物, 建物, 品物, 買い物"
"特","Tra cứu Mazii / Jisho","Tra cứu Mazii / Jisho","Chữ Hán: 特","特別, 特色, 特急, 特に"
"犬","Tra cứu Mazii / Jisho","Tra cứu Mazii / Jisho","Chữ Hán: 犬","犬, 子犬, 愛犬, 番犬"
"理","Tra cứu Mazii / Jisho","Tra cứu Mazii / Jisho","Chữ Hán: 理","料理, 地理, 理由, 理解"
"用","Tra cứu Mazii / Jisho","Tra cứu Mazii / Jisho","Chữ Hán: 用","使用, 用意, 用紙, 用事"
"田","Tra cứu Mazii / Jisho","Tra cứu Mazii / Jisho","Chữ Hán: 田","水田, 油田, 田舎, 田んぼ"
"町","Tra cứu Mazii / Jisho","Tra cứu Mazii / Jisho","Chữ Hán: 町","下町, 町, 町長, 町内"
"画","Tra cứu Mazii / Jisho","Tra cứu Mazii / Jisho","Chữ Hán: 画","映画, 計画, 画家, 映画館"
"界","Tra cứu Mazii / Jisho","Tra cứu Mazii / Jisho","Chữ Hán: 界","世界, 財界, 自然界, 界隈"
"病","Tra cứu Mazii / Jisho","Tra cứu Mazii / Jisho","Chữ Hán: 病","病院, 急病, 重病, 病気"
"発","Tra cứu Mazii / Jisho","Tra cứu Mazii / Jisho","Chữ Hán: 発","発見, 出発, 発明, 発音"
"的","Tra cứu Mazii / Jisho","Tra cứu Mazii / Jisho","Chữ Hán: 的","目的, 自動的, 代表的, 的"
"目","Tra cứu Mazii / Jisho","Tra cứu Mazii / Jisho","Chữ Hán: 目","目的, 注目, 目, 目立つ"
"真","Tra cứu Mazii / Jisho","Tra cứu Mazii / Jisho","Chữ Hán: 真","真夏, 真ん中, 真っ赤, 真実"
"着","Tra cứu Mazii / Jisho","Tra cứu Mazii / Jisho","Chữ Hán: 着","下着, 上着, 着る, 到着"
"知","Tra cứu Mazii / Jisho","Tra cứu Mazii / Jisho","Chữ Hán: 知","知る, 知識, 知り合い, 知らせる"
"研","Tra cứu Mazii / Jisho","Tra cứu Mazii / Jisho","Chữ Hán: 研","研究, 研究者, 研究室, 研究所"
"社","Tra cứu Mazii / Jisho","Tra cứu Mazii / Jisho","Chữ Hán: 社","会社, 社会, 社長, 社員"
"私","Tra cứu Mazii / Jisho","Tra cứu Mazii / Jisho","Chữ Hán: 私","私立, 私, 私たち, 私用"
"秋","Tra cứu Mazii / Jisho","Tra cứu Mazii / Jisho","Chữ Hán: 秋","秋, 今秋, 秋分, 秋祭り"
"究","Tra cứu Mazii / Jisho","Tra cứu Mazii / Jisho","Chữ Hán: 究","研究, 究明, 研究者, 研究室"
"空","Tra cứu Mazii / Jisho","Tra cứu Mazii / Jisho","Chữ Hán: 空","青空, 空手, 空, 空港"
"立","Tra cứu Mazii / Jisho","Tra cứu Mazii / Jisho","Chữ Hán: 立","国立, 私立, 起立, 仕立て"
"答","Tra cứu Mazii / Jisho","Tra cứu Mazii / Jisho","Chữ Hán: 答","答え, 解答, 答える, 応答"
"紙","Tra cứu Mazii / Jisho","Tra cứu Mazii / Jisho","Chữ Hán: 紙","手紙, 用紙, 紙, 折り紙"
"終","Tra cứu Mazii / Jisho","Tra cứu Mazii / Jisho","Chữ Hán: 終","最終, 終了, 終点, 終わる"
"習","Tra cứu Mazii / Jisho","Tra cứu Mazii / Jisho","Chữ Hán: 習","学習, 習慣, 練習, 習う"
"考","Tra cứu Mazii / Jisho","Tra cứu Mazii / Jisho","Chữ Hán: 考","思考, 考え, 考える, 参考"
"者","Tra cứu Mazii / Jisho","Tra cứu Mazii / Jisho","Chữ Hán: 者","学者, 死者, 読者, 医者"
"肉","Tra cứu Mazii / Jisho","Tra cứu Mazii / Jisho","Chữ Hán: 肉","牛肉, 肉, 豚肉, 肉屋"
"自","Tra cứu Mazii / Jisho","Tra cứu Mazii / Jisho","Chữ Hán: 自","自分, 自由, 自信, 自動的"
"色","Tra cứu Mazii / Jisho","Tra cứu Mazii / Jisho","Chữ Hán: 色","特色, 金色, 色, 銀色"
"花","Tra cứu Mazii / Jisho","Tra cứu Mazii / Jisho","Chữ Hán: 花","花火, 花見, 花, 花屋"
"英","Tra cứu Mazii / Jisho","Tra cứu Mazii / Jisho","Chữ Hán: 英","英語, 英雄, 英国, 英会話"
"茶","Tra cứu Mazii / Jisho","Tra cứu Mazii / Jisho","Chữ Hán: 茶","お茶, 茶道, 紅茶, 喫茶店"
"親","Tra cứu Mazii / Jisho","Tra cứu Mazii / Jisho","Chữ Hán: 親","親族, 親友, 親切, 親"
"言","Tra cứu Mazii / Jisho","Tra cứu Mazii / Jisho","Chữ Hán: 言","言語, 言う, 方言, 言葉"
"計","Tra cứu Mazii / Jisho","Tra cứu Mazii / Jisho","Chữ Hán: 計","計画, 時計, 合計, 計算"
"試","Tra cứu Mazii / Jisho","Tra cứu Mazii / Jisho","Chữ Hán: 試","試験, 試す, 試合, 試食"
"買","Tra cứu Mazii / Jisho","Tra cứu Mazii / Jisho","Chữ Hán: 買","売買, 買う, 買い物, 買い手"
"貸","Tra cứu Mazii / Jisho","Tra cứu Mazii / Jisho","Chữ Hán: 貸","貸出, 賃貸, 貸し借り, 貸す"
"質","Tra cứu Mazii / Jisho","Tra cứu Mazii / Jisho","Chữ Hán: 質","質問, 品質, 質, 性質"
"赤","Tra cứu Mazii / Jisho","Tra cứu Mazii / Jisho","Chữ Hán: 赤","赤ちゃん, 真っ赤, 赤十字, 赤い"
"走","Tra cứu Mazii / Jisho","Tra cứu Mazii / Jisho","Chữ Hán: 走","走る, 競走, 走行, ご馳走"
"起","Tra cứu Mazii / Jisho","Tra cứu Mazii / Jisho","Chữ Hán: 起","起こす, 起立, 起きる, 早起き"
"足","Tra cứu Mazii / Jisho","Tra cứu Mazii / Jisho","Chữ Hán: 足","不足, 足元, 手足, 足りる"
"転","Tra cứu Mazii / Jisho","Tra cứu Mazii / Jisho","Chữ Hán: 転","運転手, 回転, 自転車, 転ぶ"
"近","Tra cứu Mazii / Jisho","Tra cứu Mazii / Jisho","Chữ Hán: 近","近道, 近い, 最近, 近所"
"送","Tra cứu Mazii / Jisho","Tra cứu Mazii / Jisho","Chữ Hán: 送","送る, 見送る, 放送, 郵送"
"通","Tra cứu Mazii / Jisho","Tra cứu Mazii / Jisho","Chữ Hán: 通","通学, 通り, 通行止め, 通う"
"週","Tra cứu Mazii / Jisho","Tra cứu Mazii / Jisho","Chữ Hán: 週","今週, 毎週, 先週, 来週"
"運","Tra cứu Mazii / Jisho","Tra cứu Mazii / Jisho","Chữ Hán: 運","運動, 運ぶ, 運転手, 運"
"道","Tra cứu Mazii / Jisho","Tra cứu Mazii / Jisho","Chữ Hán: 道","歩道, 茶道, 道, 近道"
"重","Tra cứu Mazii / Jisho","Tra cứu Mazii / Jisho","Chữ Hán: 重","体重, 重要, 重い, 貴重"
"野","Tra cứu Mazii / Jisho","Tra cứu Mazii / Jisho","Chữ Hán: 野","分野, 野球, 野原, 野菜"
"銀","Tra cứu Mazii / Jisho","Tra cứu Mazii / Jisho","Chữ Hán: 銀","銀行, 水銀, 銀色, 銀"
"開","Tra cứu Mazii / Jisho","Tra cứu Mazii / Jisho","Chữ Hán: 開","開始, 開会, 開く, 開ける"
"院","Tra cứu Mazii / Jisho","Tra cứu Mazii / Jisho","Chữ Hán: 院","病院, 入院, 大学院, 医院"
"集","Tra cứu Mazii / Jisho","Tra cứu Mazii / Jisho","Chữ Hán: 集","集中, 集める, 集まる, 集合"
"青","Tra cứu Mazii / Jisho","Tra cứu Mazii / Jisho","Chữ Hán: 青","青年, 青春, 青空, 青"
"音","Tra cứu Mazii / Jisho","Tra cứu Mazii / Jisho","Chữ Hán: 音","音楽, 本音, 発音, 音"
"題","Tra cứu Mazii / Jisho","Tra cứu Mazii / Jisho","Chữ Hán: 題","問題, 話題, 題名, 宿題"
"風","Tra cứu Mazii / Jisho","Tra cứu Mazii / Jisho","Chữ Hán: 風","台風, 風, 風景, お風呂"
"飯","Tra cứu Mazii / Jisho","Tra cứu Mazii / Jisho","Chữ Hán: 飯","夕飯, ご飯, 昼ご飯, 朝ご飯"
"飲","Tra cứu Mazii / Jisho","Tra cứu Mazii / Jisho","Chữ Hán: 飲","飲む, 飲み物, 飲食店, 飲み会"
"館","Tra cứu Mazii / Jisho","Tra cứu Mazii / Jisho","Chữ Hán: 館","旅館, 大使館, 図書館, 映画館"
"駅","Tra cứu Mazii / Jisho","Tra cứu Mazii / Jisho","Chữ Hán: 駅","駅前, 駅員, 駅, 駅長"
"験","Tra cứu Mazii / Jisho","Tra cứu Mazii / Jisho","Chữ Hán: 験","試験, 体験, 実験, 経験"
"魚","Tra cứu Mazii / Jisho","Tra cứu Mazii / Jisho","Chữ Hán: 魚","魚, 金魚, 魚屋, 焼き魚"
"鳥","Tra cứu Mazii / Jisho","Tra cứu Mazii / Jisho","Chữ Hán: 鳥","白鳥, 小鳥, 鳥, 鳥肉"
"黒","Tra cứu Mazii / Jisho","Tra cứu Mazii / Jisho","Chữ Hán: 黒","黒, 黒い, 白黒, 真っ黒"
